{
    "Alt,": "PreviousTab",
    "Alt-/": "lua:comment.comment",
    "Alt-Backspace": "DeleteWordLeft",
    "Alt-CtrlC": "CommandMode",
    "Alt-CtrlF": "SelectWordRight",
    "Alt-CtrlH": "HSplit",
    "Alt-CtrlJ": "JumpToMatchingBrace",
    "Alt-CtrlK": "DeleteLine",
    "Alt-CtrlS": "SelectWordLeft",
    "Alt-CtrlU": "HalfPageUp",
    "Alt-CtrlV": "VSplit",
    "Alt-CtrlW": "NextSplit",
    "Alt-CtrlX": "HalfPageDown",
    "Alt-a": "StartOfLine",
    "Alt-b": "WordLeft",
    "Alt-c": "RemoveAllMultiCursors",
    "Alt-e": "EndOfLine",
    "Alt-f": "WordRight",
    "Alt-g": "ToggleKeyMenu",
    "Alt-m": "SpawnMultiCursorSelect",
    "Alt-n": "SpawnMultiCursor",
    "Alt-p": "RemoveMultiCursor",
    "Alt-x": "SkipMultiCursor",
    "Alt-{": "ParagraphPrevious",
    "Alt-}": "ParagraphNext",
    "Alt.": "NextTab",
    "AltDown": "MoveLinesDown",
    "AltLeft": "StartOfLine",
    "AltRight": "EndOfLine",
    "AltShiftDown": "SpawnMultiCursorDown",
    "AltShiftUp": "SpawnMultiCursorUp",
    "AltUp": "MoveLinesUp",
    "Backspace": "Backspace",
    "Backtab": "OutdentSelection|OutdentLine",
    "Ctrl-MouseLeft": "MouseMultiCursor",
    "CtrlA": "SelectAll",
    "CtrlB": "ShellMode",
    "CtrlC": "Copy",
    "CtrlD": "DuplicateLine",
    "CtrlDown": "CursorEnd",
    "CtrlEnd": "CursorEnd",
    "CtrlF": "Find",
    "CtrlG": "ToggleHelp",
    "CtrlH": "Backspace",
    "CtrlHome": "CursorStart",
    "CtrlJ": "PlayMacro",
    "CtrlK": "CutLine",
    "CtrlL": "command-edit:goto ",
    "CtrlN": "FindNext",
    "CtrlO": "OpenFile",
    "CtrlP": "FindPrevious",
    "CtrlQ": "QuitAll",
    "CtrlR": "ToggleRuler",
    "CtrlS": "Save",
    "CtrlShiftDown": "SelectToEnd",
    "CtrlShiftUp": "SelectToStart",
    "CtrlSpace": "ToggleDiffGutter",
    "CtrlT": "AddTab",
    "CtrlU": "ToggleMacro",
    "CtrlUnderscore": "lua:comment.comment",
    "CtrlUp": "CursorStart",
    "CtrlV": "Paste",
    "CtrlW": "Quit",
    "CtrlX": "Cut",
    "CtrlY": "Redo",
    "CtrlZ": "Undo",
    "Delete": "Delete",
    "Down": "CursorDown",
    "End": "EndOfLine",
    "Enter": "InsertNewline",
    "Esc": "Escape",
    "F10": "Quit",
    "F2": "Save",
    "F3": "Find",
    "F4": "Quit",
    "F7": "Find",
    "Home": "StartOfLine",
    "Insert": "ToggleOverwriteMode",
    "Left": "CursorLeft",
    "MouseLeft": "MousePress",
    "MouseMiddle": "PastePrimary",
    "MouseWheelDown": "ScrollDown",
    "MouseWheelUp": "ScrollUp",
    "Right": "CursorRight",
    "ShiftDown": "SelectDown",
    "ShiftEnd": "SelectToEndOfLine",
    "ShiftHome": "SelectToStartOfLine",
    "ShiftLeft": "SelectLeft",
    "ShiftRight": "SelectRight",
    "ShiftUp": "SelectUp",
    "Tab": "Autocomplete|IndentSelection|InsertTab",
    "Up": "CursorUp"
}
